ralligator	alligator	True
alligator	alligator	True
freezer	freezer	True
freezer	freezer	True
fridge	fridge	True
fridge	fridge	True
fridge	fridge	True
radio	radio	True
radio	radio	True
radio	radio	True
radio	radio	True
radio	radio	True
radio	radio	True
radio	radio	True
radio	radio	True
radio	radio	True
radio	radio	True
radio	radio	True
radio	radio	True
radio	radio	True
radio	radio	True
radio	radio	True
radio	radio	True
radio	radio	True
radio	radio	True
radio	radio	True
radio	radio	True
radio	radio	True
radio	radio	True
radio	radio	True
radio	radio	True
stove	stove	True
stove	stove	True
stove	stove	True
stove	stove	True
stove	stove	True
stove	stove	True
stove	stove	True
stove	stove	True
stove	stove	True
stove	stove	True
crow	crow	True
crow	crow	True
crow	crow	True
crow	crow	True
crow	crow	True
crow	crow	True
crow	crow	True
crow	crow	True
crow	crow	True
falcon	falcon	True
falcon	falcon	True
falcon	falcon	True
falcon	falcon	True
falcon	falcon	True
falcon	falcon	True
falcon	falcon	True
falcon	falcon	True
falcon	falcon	True
falcon	falcon	True
falcon	falcon	True
falcon	falcon	True
goose	goose	True
goose	goose	True
goose	goose	True
goose	goose	True
goose	goose	True
goose	goose	True
goose	goose	True
goose	goose	True
goose	goose	True
hawk	hawk	True
hawk	hawk	True
hawk	hawk	True
hawk	hawk	True
hawk	hawk	True
hawk	hawk	True
hawk	hawk	True
hawk	hawk	True
hawk	hawk	True
hawk	hawk	True
hawk	hawk	True
hawk	hawk	True
swan	swan	True
swan	swan	True
swan	swan	True
swan	swan	True
swan	swan	True
swan	swan	True
swan	swan	True
vulture	vulture	True
vulture	vulture	True
vulture	vulture	True
vulture	vulture	True
vulture	vulture	True
vulture	vulture	True
woodpecker	woodpecker	True
woodpecker	woodpecker	True
woodpecker	woodpecker	True
woodpecker	woodpecker	True
woodpecker	woodpecker	True
woodpecker	woodpecker	True
woodpecker	woodpecker	True
cottage	cottage	True
cottage	cottage	True
cottage	cottage	True
cottage	cottage	True
cottage	cottage	True
cottage	cottage	True
cottage	cottage	True
cottage	cottage	True
cottage	cottage	True
cottage	cottage	True
cottage	cottage	True
cottage	cottage	True
cottage	cottage	True
cottage	cottage	True
cottage	cottage	True
cottage	cottage	True
cottage	cottage	True
library	library	True
library	library	True
library	library	True
library	library	True
library	library	True
library	library	True
library	library	True
library	library	True
library	library	True
library	library	True
library	library	True
library	library	True
library	library	True
library	library	True
library	library	True
library	library	True
library	library	True
library	library	True
library	library	True
library	library	True
library	library	True
library	library	True
library	library	True
library	library	True
pub	pub	True
pub	pub	True
pub	pub	True
pub	pub	True
pub	pub	True
pub	pub	True
pub	pub	True
pub	pub	True
pub	pub	True
pub	pub	True
pub	pub	True
pub	pub	True
pub	pub	True
pub	pub	True
pub	pub	True
restaurant	restaurant	True
restaurant	restaurant	True
restaurant	restaurant	True
restaurant	restaurant	True
restaurant	restaurant	True
restaurant	restaurant	True
restaurant	restaurant	True
restaurant	restaurant	True
restaurant	restaurant	True
restaurant	restaurant	True
restaurant	restaurant	True
restaurant	restaurant	True
restaurant	restaurant	True
restaurant	restaurant	True
restaurant	restaurant	True
restaurant	restaurant	True
restaurant	restaurant	True
restaurant	restaurant	True
restaurant	restaurant	True
restaurant	restaurant	True
restaurant	restaurant	True
restaurant	restaurant	True
restaurant	restaurant	True
restaurant	restaurant	True
restaurant	restaurant	True
restaurant	restaurant	True
coat	coat	True
coat	coat	True
coat	coat	True
coat	coat	True
coat	coat	True
coat	coat	True
coat	coat	True
coat	coat	True
coat	coat	True
coat	coat	True
coat	coat	True
coat	coat	True
coat	coat	True
coat	coat	True
coat	coat	True
coat	coat	True
coat	coat	True
coat	coat	True
coat	coat	True
coat	coat	True
coat	coat	True
coat	coat	True
coat	coat	True
coat	coat	True
coat	coat	True
dress	dress	True
dress	dress	True
dress	dress	True
dress	dress	True
dress	dress	True
dress	dress	True
dress	dress	True
dress	dress	True
dress	dress	True
dress	dress	True
dress	dress	True
dress	dress	True
dress	dress	True
dress	dress	True
dress	dress	True
dress	dress	True
dress	dress	True
dress	dress	True
dress	dress	True
dress	dress	True
dress	dress	True
dress	dress	True
dress	dress	True
dress	dress	True
dress	dress	True
glove	glove	True
glove	glove	True
glove	glove	True
glove	glove	True
glove	glove	True
glove	glove	True
glove	glove	True
glove	glove	True
glove	glove	True
glove	glove	True
glove	glove	True
glove	glove	True
hat	hat	True
hat	hat	True
hat	hat	True
hat	hat	True
hat	hat	True
hat	hat	True
hat	hat	True
hat	hat	True
hat	hat	True
hat	hat	True
hat	hat	True
hat	hat	True
hat	hat	True
hat	hat	True
hat	hat	True
hat	hat	True
hat	hat	True
hat	hat	True
hat	hat	True
hat	hat	True
hat	hat	True
hat	hat	True
hat	hat	True
hat	hat	True
scarf	scarf	True
scarf	scarf	True
scarf	scarf	True
scarf	scarf	True
scarf	scarf	True
scarf	scarf	True
scarf	scarf	True
scarf	scarf	True
scarf	scarf	True
scarf	scarf	True
scarf	scarf	True
scarf	scarf	True
scarf	scarf	True
scarf	scarf	True
scarf	scarf	True
sweater	sweater	True
sweater	sweater	True
sweater	sweater	True
sweater	sweater	True
sweater	sweater	True
sweater	sweater	True
sweater	sweater	True
sweater	sweater	True
sweater	sweater	True
sweater	sweater	True
sweater	sweater	True
box	box	True
box	box	True
box	box	True
box	box	True
box	box	True
box	box	True
box	box	True
box	box	True
box	box	True
box	box	True
box	box	True
box	box	True
box	box	True
box	box	True
box	box	True
box	box	True
box	box	True
box	box	True
box	box	True
box	box	True
box	box	True
box	box	True
box	box	True
jar	jar	True
jar	jar	True
jar	jar	True
jar	jar	True
jar	jar	True
jar	jar	True
jar	jar	True
mug	mug	True
mug	mug	True
mug	mug	True
banana	banana	True
banana	banana	True
banana	banana	True
banana	banana	True
banana	banana	True
banana	banana	True
banana	banana	True
banana	banana	True
banana	banana	True
cherry	cherry	True
cherry	cherry	True
cherry	cherry	True
cherry	cherry	True
cherry	cherry	True
cherry	cherry	True
cherry	cherry	True
cherry	cherry	True
cherry	cherry	True
coconut	coconut	True
coconut	coconut	True
coconut	coconut	True
coconut	coconut	True
coconut	coconut	True
coconut	coconut	True
coconut	coconut	True
coconut	coconut	True
coconut	coconut	True
coconut	coconut	True
grape	grape	True
grape	grape	True
grape	grape	True
grape	grape	True
grape	grape	True
grape	grape	True
grape	grape	True
grape	grape	True
grape	grape	True
grape	grape	True
grape	grape	True
grapefruit	grapefruit	True
grapefruit	grapefruit	True
grapefruit	grapefruit	True
grapefruit	grapefruit	True
grapefruit	grapefruit	True
grapefruit	grapefruit	True
grapefruit	grapefruit	True
grapefruit	grapefruit	True
grapefruit	grapefruit	True
lemon	lemon	True
lemon	lemon	True
lemon	lemon	True
lemon	lemon	True
lemon	lemon	True
lemon	lemon	True
lemon	lemon	True
lemon	lemon	True
lemon	lemon	True
lemon	lemon	True
lime	lime	True
lime	lime	True
lime	lime	True
lime	lime	True
lime	lime	True
lime	lime	True
lime	lime	True
lime	lime	True
lime	lime	True
lime	lime	True
peach	peach	True
peach	peach	True
peach	peach	True
peach	peach	True
peach	peach	True
peach	peach	True
peach	peach	True
peach	peach	True
strawberry	strawberry	True
strawberry	strawberry	True
strawberry	strawberry	True
strawberry	strawberry	True
strawberry	strawberry	True
strawberry	strawberry	True
strawberry	strawberry	True
strawberry	strawberry	True
strawberry	strawberry	True
strawberry	strawberry	True
bed	bed	True
bed	bed	True
bed	bed	True
bed	bed	True
bed	bed	True
bed	bed	True
bed	bed	True
bed	bed	True
bed	bed	True
bed	bed	True
bed	bed	True
bed	bed	True
bed	bed	True
bed	bed	True
bed	bed	True
bed	bed	True
bookcase	bookcase	True
bookcase	bookcase	True
bookcase	bookcase	True
bookcase	bookcase	True
chair	chair	True
chair	chair	True
chair	chair	True
chair	chair	True
chair	chair	True
chair	chair	True
chair	chair	True
chair	chair	True
chair	chair	True
chair	chair	True
chair	chair	True
chair	chair	True
chair	chair	True
chair	chair	True
chair	chair	True
chair	chair	True
desk	desk	True
desk	desk	True
desk	desk	True
desk	desk	True
desk	desk	True
desk	desk	True
desk	desk	True
desk	desk	True
desk	desk	True
desk	desk	True
sofa	sofa	True
sofa	sofa	True
sofa	sofa	True
sofa	sofa	True
sofa	sofa	True
beaver	beaver	True
beaver	beaver	True
beaver	beaver	True
beaver	beaver	True
beaver	beaver	True
beaver	beaver	True
beaver	beaver	True
beaver	beaver	True
beaver	beaver	True
beaver	beaver	True
beaver	beaver	True
beaver	beaver	True
bull	bull	True
bull	bull	True
bull	bull	True
bull	bull	True
bull	bull	True
bull	bull	True
bull	bull	True
bull	bull	True
bull	bull	True
bull	bull	True
bull	bull	True
bull	bull	True
bull	bull	True
bull	bull	True
bull	bull	True
cow	cow	True
cow	cow	True
cow	cow	True
cow	cow	True
cow	cow	True
cow	cow	True
cow	cow	True
cow	cow	True
cow	cow	True
cow	cow	True
cow	cow	True
cow	cow	True
cow	cow	True
cow	cow	True
coyote	coyote	True
coyote	coyote	True
coyote	coyote	True
coyote	coyote	True
coyote	coyote	True
coyote	coyote	True
coyote	coyote	True
coyote	coyote	True
coyote	coyote	True
coyote	coyote	True
coyote	coyote	True
elephant	elephant	True
elephant	elephant	True
elephant	elephant	True
elephant	elephant	True
elephant	elephant	True
elephant	elephant	True
elephant	elephant	True
elephant	elephant	True
elephant	elephant	True
elephant	elephant	True
elephant	elephant	True
elephant	elephant	True
elephant	elephant	True
elephant	elephant	True
elephant	elephant	True
fox	fox	True
fox	fox	True
fox	fox	True
fox	fox	True
fox	fox	True
fox	fox	True
fox	fox	True
fox	fox	True
fox	fox	True
fox	fox	True
fox	fox	True
fox	fox	True
fox	fox	True
fox	fox	True
fox	fox	True
fox	fox	True
fox	fox	True
fox	fox	True
fox	fox	True
fox	fox	True
fox	fox	True
fox	fox	True
goat	goat	True
goat	goat	True
goat	goat	True
goat	goat	True
goat	goat	True
goat	goat	True
goat	goat	True
goat	goat	True
goat	goat	True
goat	goat	True
goat	goat	True
goat	goat	True
goat	goat	True
goat	goat	True
goat	goat	True
goat	goat	True
goat	goat	True
horse	horse	True
horse	horse	True
horse	horse	True
horse	horse	True
horse	horse	True
horse	horse	True
horse	horse	True
horse	horse	True
horse	horse	True
horse	horse	True
horse	horse	True
horse	horse	True
horse	horse	True
horse	horse	True
horse	horse	True
horse	horse	True
horse	horse	True
horse	horse	True
horse	horse	True
horse	horse	True
horse	horse	True
horse	horse	True
horse	horse	True
horse	horse	True
horse	horse	True
rat	rat	True
rat	rat	True
rat	rat	True
rat	rat	True
rat	rat	True
rat	rat	True
rat	rat	True
rat	rat	True
rat	rat	True
rat	rat	True
rat	rat	True
rat	rat	True
rat	rat	True
rat	rat	True
rat	rat	True
rat	rat	True
sheep	sheep	True
sheep	sheep	True
sheep	sheep	True
sheep	sheep	True
sheep	sheep	True
sheep	sheep	True
sheep	sheep	True
sheep	sheep	True
sheep	sheep	True
sheep	sheep	True
sheep	sheep	True
sheep	sheep	True
sheep	sheep	True
sheep	sheep	True
sheep	sheep	True
sheep	sheep	True
sheep	sheep	True
sheep	sheep	True
sheep	sheep	True
sheep	sheep	True
sheep	sheep	True
squirrel	squirrel	True
squirrel	squirrel	True
squirrel	squirrel	True
squirrel	squirrel	True
squirrel	squirrel	True
squirrel	squirrel	True
squirrel	squirrel	True
squirrel	squirrel	True
squirrel	squirrel	True
squirrel	squirrel	True
squirrel	squirrel	True
squirrel	squirrel	True
squirrel	squirrel	True
tiger	tiger	True
tiger	tiger	True
tiger	tiger	True
tiger	tiger	True
tiger	tiger	True
tiger	tiger	True
tiger	tiger	True
tiger	tiger	True
tiger	tiger	True
tiger	tiger	True
tiger	tiger	True
tiger	tiger	True
tiger	tiger	True
tiger	tiger	True
tiger	tiger	True
tiger	tiger	True
tiger	tiger	True
tiger	tiger	True
tiger	tiger	True
tiger	tiger	True
tiger	tiger	True
tiger	tiger	True
ant	ant	True
ant	ant	True
ant	ant	True
ant	ant	True
ant	ant	True
ant	ant	True
beetle	beetle	True
beetle	beetle	True
beetle	beetle	True
beetle	beetle	True
beetle	beetle	True
beetle	beetle	True
beetle	beetle	True
beetle	beetle	True
butterfly	butterfly	True
butterfly	butterfly	True
butterfly	butterfly	True
butterfly	butterfly	True
butterfly	butterfly	True
butterfly	butterfly	True
butterfly	butterfly	True
butterfly	butterfly	True
cockroach	cockroach	True
cockroach	cockroach	True
cockroach	cockroach	True
cockroach	cockroach	True
cockroach	cockroach	True
wasp	wasp	True
wasp	wasp	True
wasp	wasp	True
wasp	wasp	True
wasp	wasp	True
wasp	wasp	True
wasp	wasp	True
cello	cello	True
cello	cello	True
cello	cello	True
cello	cello	True
cello	cello	True
cello	cello	True
cello	cello	True
cello	cello	True
cello	cello	True
cello	cello	True
cello	cello	True
cello	cello	True
cello	cello	True
cello	cello	True
cello	cello	True
piano	piano	True
piano	piano	True
piano	piano	True
piano	piano	True
piano	piano	True
piano	piano	True
piano	piano	True
piano	piano	True
piano	piano	True
piano	piano	True
piano	piano	True
piano	piano	True
piano	piano	True
piano	piano	True
piano	piano	True
piano	piano	True
piano	piano	True
piano	piano	True
piano	piano	True
piano	piano	True
saxophone	saxophone	True
saxophone	saxophone	True
saxophone	saxophone	True
saxophone	saxophone	True
saxophone	saxophone	True
saxophone	saxophone	True
saxophone	saxophone	True
saxophone	saxophone	True
saxophone	saxophone	True
saxophone	saxophone	True
saxophone	saxophone	True
saxophone	saxophone	True
saxophone	saxophone	True
saxophone	saxophone	True
saxophone	saxophone	True
saxophone	saxophone	True
trumpet	trumpet	True
trumpet	trumpet	True
trumpet	trumpet	True
trumpet	trumpet	True
trumpet	trumpet	True
trumpet	trumpet	True
trumpet	trumpet	True
trumpet	trumpet	True
trumpet	trumpet	True
trumpet	trumpet	True
trumpet	trumpet	True
trumpet	trumpet	True
trumpet	trumpet	True
trumpet	trumpet	True
trumpet	trumpet	True
trumpet	trumpet	True
trumpet	trumpet	True
violin	violin	True
violin	violin	True
violin	violin	True
violin	violin	True
violin	violin	True
violin	violin	True
violin	violin	True
violin	violin	True
violin	violin	True
violin	violin	True
violin	violin	True
violin	violin	True
violin	violin	True
violin	violin	True
violin	violin	True
violin	violin	True
violin	violin	True
violin	violin	True
violin	violin	True
violin	violin	True
corkscrew	corkscrew	True
corkscrew	corkscrew	True
corkscrew	corkscrew	True
corkscrew	corkscrew	True
hatchet	hatchet	True
hatchet	hatchet	True
hatchet	hatchet	True
hatchet	hatchet	True
hatchet	hatchet	True
hatchet	hatchet	True
knife	knife	True
knife	knife	True
knife	knife	True
knife	knife	True
knife	knife	True
knife	knife	True
knife	knife	True
knife	knife	True
knife	knife	True
knife	knife	True
knife	knife	True
knife	knife	True
knife	knife	True
knife	knife	True
knife	knife	True
knife	knife	True
rake	rake	True
rake	rake	True
saw	saw	True
saw	saw	True
saw	saw	True
saw	saw	True
saw	saw	True
saw	saw	True
saw	saw	True
shovel	shovel	True
shovel	shovel	True
shovel	shovel	True
shovel	shovel	True
spade	spade	True
spade	spade	True
spade	spade	True
spade	spade	True
spoon	spoon	True
spoon	spoon	True
spoon	spoon	True
spoon	spoon	True
spoon	spoon	True
spoon	spoon	True
spoon	spoon	True
wrench	wrench	True
wrench	wrench	True
wrench	wrench	True
cedar	cedar	True
cedar	cedar	True
cedar	cedar	True
cedar	cedar	True
cedar	cedar	True
cypress	cypress	True
cypress	cypress	True
cypress	cypress	True
cypress	cypress	True
oak	oak	True
oak	oak	True
oak	oak	True
oak	oak	True
oak	oak	True
oak	oak	True
oak	oak	True
broccoli	broccoli	True
broccoli	broccoli	True
broccoli	broccoli	True
broccoli	broccoli	True
broccoli	broccoli	True
broccoli	broccoli	True
broccoli	broccoli	True
broccoli	broccoli	True
broccoli	broccoli	True
cabbage	cabbage	True
cabbage	cabbage	True
cabbage	cabbage	True
cabbage	cabbage	True
cabbage	cabbage	True
cabbage	cabbage	True
cabbage	cabbage	True
cabbage	cabbage	True
carrot	carrot	True
carrot	carrot	True
carrot	carrot	True
carrot	carrot	True
carrot	carrot	True
carrot	carrot	True
carrot	carrot	True
carrot	carrot	True
cauliflower	cauliflower	True
cauliflower	cauliflower	True
cauliflower	cauliflower	True
cauliflower	cauliflower	True
cauliflower	cauliflower	True
onion	onion	True
onion	onion	True
onion	onion	True
onion	onion	True
onion	onion	True
onion	onion	True
onion	onion	True
onion	onion	True
onion	onion	True
onion	onion	True
onion	onion	True
potato	potato	True
potato	potato	True
potato	potato	True
potato	potato	True
potato	potato	True
potato	potato	True
potato	potato	True
potato	potato	True
potato	potato	True
radish	radish	True
radish	radish	True
radish	radish	True
radish	radish	True
radish	radish	True
radish	radish	True
radish	radish	True
bomber	bomber	True
bomber	bomber	True
bomber	bomber	True
bomber	bomber	True
bomber	bomber	True
bomber	bomber	True
bomber	bomber	True
bomber	bomber	True
bomber	bomber	True
bomber	bomber	True
bomber	bomber	True
bomber	bomber	True
bomber	bomber	True
bomber	bomber	True
fighter	fighter	True
fighter	fighter	True
fighter	fighter	True
fighter	fighter	True
fighter	fighter	True
fighter	fighter	True
fighter	fighter	True
fighter	fighter	True
fighter	fighter	True
fighter	fighter	True
fighter	fighter	True
fighter	fighter	True
fighter	fighter	True
glider	glider	True
glider	glider	True
glider	glider	True
glider	glider	True
glider	glider	True
glider	glider	True
helicopter	helicopter	True
helicopter	helicopter	True
helicopter	helicopter	True
helicopter	helicopter	True
helicopter	helicopter	True
helicopter	helicopter	True
helicopter	helicopter	True
helicopter	helicopter	True
helicopter	helicopter	True
helicopter	helicopter	True
helicopter	helicopter	True
helicopter	helicopter	True
helicopter	helicopter	True
helicopter	helicopter	True
helicopter	helicopter	True
helicopter	helicopter	True
helicopter	helicopter	True
helicopter	helicopter	True
jet	jet	True
jet	jet	True
jet	jet	True
jet	jet	True
jet	jet	True
jet	jet	True
jet	jet	True
jet	jet	True
jet	jet	True
jet	jet	True
jet	jet	True
jet	jet	True
jet	jet	True
jet	jet	True
jet	jet	True
jet	jet	True
jet	jet	True
jet	jet	True
jet	jet	True
jet	jet	True
jet	jet	True
motorcycle	motorcycle	True
motorcycle	motorcycle	True
motorcycle	motorcycle	True
motorcycle	motorcycle	True
motorcycle	motorcycle	True
motorcycle	motorcycle	True
motorcycle	motorcycle	True
motorcycle	motorcycle	True
motorcycle	motorcycle	True
motorcycle	motorcycle	True
motorcycle	motorcycle	True
motorcycle	motorcycle	True
motorcycle	motorcycle	True
motorcycle	motorcycle	True
motorcycle	motorcycle	True
motorcycle	motorcycle	True
motorcycle	motorcycle	True
motorcycle	motorcycle	True
motorcycle	motorcycle	True
motorcycle	motorcycle	True
motorcycle	motorcycle	True
motorcycle	motorcycle	True
motorcycle	motorcycle	True
scooter	scooter	True
scooter	scooter	True
scooter	scooter	True
scooter	scooter	True
scooter	scooter	True
scooter	scooter	True
scooter	scooter	True
scooter	scooter	True
scooter	scooter	True
tanker	tanker	True
tanker	tanker	True
tanker	tanker	True
tanker	tanker	True
tanker	tanker	True
tanker	tanker	True
tanker	tanker	True
tanker	tanker	True
tanker	tanker	True
tanker	tanker	True
truck	truck	True
truck	truck	True
truck	truck	True
truck	truck	True
truck	truck	True
truck	truck	True
truck	truck	True
truck	truck	True
truck	truck	True
truck	truck	True
truck	truck	True
truck	truck	True
truck	truck	True
truck	truck	True
truck	truck	True
truck	truck	True
truck	truck	True
truck	truck	True
truck	truck	True
truck	truck	True
truck	truck	True
truck	truck	True
truck	truck	True
truck	truck	True
truck	truck	True
truck	truck	True
truck	truck	True
truck	truck	True
truck	truck	True
truck	truck	True
van	van	True
van	van	True
van	van	True
van	van	True
van	van	True
van	van	True
van	van	True
van	van	True
van	van	True
van	van	True
van	van	True
van	van	True
van	van	True
van	van	True
van	van	True
van	van	True
van	van	True
van	van	True
van	van	True
van	van	True
van	van	True
van	van	True
van	van	True
van	van	True
van	van	True
van	van	True
van	van	True
van	van	True
yacht	yacht	True
yacht	yacht	True
yacht	yacht	True
yacht	yacht	True
yacht	yacht	True
yacht	yacht	True
yacht	yacht	True
yacht	yacht	True
yacht	yacht	True
herring	herring	True
herring	herring	True
whale	whale	True
whale	whale	True
whale	whale	True
whale	whale	True
whale	whale	True
whale	whale	True
whale	whale	True
whale	whale	True
whale	whale	True
whale	whale	True
whale	whale	True
whale	whale	True
whale	whale	True
cannon	cannon	True
cannon	cannon	True
cannon	cannon	True
cannon	cannon	True
cannon	cannon	True
cannon	cannon	True
cannon	cannon	True
cannon	cannon	True
cannon	cannon	True
cannon	cannon	True
cannon	cannon	True
cannon	cannon	True
cannon	cannon	True
cannon	cannon	True
cannon	cannon	True
cannon	cannon	True
musket	musket	True
musket	musket	True
musket	musket	True
musket	musket	True
musket	musket	True
musket	musket	True
musket	musket	True
musket	musket	True
musket	musket	True
musket	musket	True
musket	musket	True
pistol	pistol	True
pistol	pistol	True
pistol	pistol	True
pistol	pistol	True
pistol	pistol	True
pistol	pistol	True
pistol	pistol	True
pistol	pistol	True
pistol	pistol	True
pistol	pistol	True
pistol	pistol	True
pistol	pistol	True
pistol	pistol	True
pistol	pistol	True
pistol	pistol	True
pistol	pistol	True
revolver	revolver	True
revolver	revolver	True
revolver	revolver	True
revolver	revolver	True
revolver	revolver	True
revolver	revolver	True
revolver	revolver	True
revolver	revolver	True
spear	spear	True
spear	spear	True
spear	spear	True
spear	spear	True
spear	spear	True
spear	spear	True
spear	spear	True
spear	spear	True
spear	spear	True
sword	sword	True
sword	sword	True
sword	sword	True
sword	sword	True
sword	sword	True
sword	sword	True
sword	sword	True
sword	sword	True
sword	sword	True
sword	sword	True
sword	sword	True
sword	sword	True
sword	sword	True
sword	sword	True
sword	sword	True
sword	sword	True
sword	sword	True
sword	sword	True
sword	sword	True
sword	sword	True
sword	sword	True
swan	swan	True
herring	herring	True
